<?xml version="1.0" encoding="utf-8"?>
<openerp>
    <data>
          <!--DEMO DATA  [DEPARTMENTS]-->
        <record id="departments1" model="pha_marketing.departments">
            <field name="name">Neurology</field>
        </record>
        <record id="departments2" model="pha_marketing.departments">
            <field name="name">Cardiology</field>
        </record>
         <record id="departments3" model="pha_marketing.departments">
            <field name="name">Dentistry</field>
        </record>
         <record id="departments4" model="pha_marketing.departments">
            <field name="name">ENT</field>
        </record>
         <record id="departments5" model="pha_marketing.departments">
            <field name="name">Gynaecology</field>
        </record>
         <record id="departments6" model="pha_marketing.departments">
            <field name="name">Pediatrics</field>
        </record>


        <!--DEMO REPS-->
        <record id="rep1" model="hr.employee">
            <field name="name">Liam Gomer</field>
            <field name="rep">1</field>
            <field name="target">150000</field>
        </record>

        <record id="rep2" model="hr.employee">
            <field name="name">Roger Scott</field>
            <field name="rep">1</field>
            <field name="target">450000</field>
            <field name="image" type="base64" file="hr/static/img/employee_fp-image.jpg"/>
        </record>

         <record id="rep3" model="hr.employee">
            <field name="name">David</field>
            <field name="rep">1</field>
             <field name="target">850000</field>
             <field name="image" type="base64" file="hr/static/img/employee_al-image.jpg"/>
        </record>

         <record id="rep4" model="hr.employee">
            <field name="name">Macklin</field>
            <field name="rep">1</field>
             <field name="target">780000</field>
             <field name="image" type="base64" file="hr/static/img/employee_niv-image.jpg"/>
        </record>

         <record id="rep5" model="hr.employee">
            <field name="name">Jack</field>
            <field name="rep">1</field>
             <field name="target">750000</field>
             <field name="image" type="base64" file="hr/static/img/employee_mit-image.png"/>
        </record>
        <record id="rep6" model="hr.employee">
            <field name="name">Joe</field>
            <field name="rep">1</field>
            <field name="target">960000</field>
            <field name="image" type="base64" file="hr/static/img/employee_chs-image.jpg"/>
        </record>
        <!--DEMO DOCTORS-->
        <record id="dr1" model="res.partner">
            <field name="name">Dr. Arden</field>
            <field name="doctor">1</field>
            <field name="customer">1</field>
            <field name="specialist_in" ref="departments2"/>
             <field name="related_rep" ref="rep1"/>
            <field name="target">15000</field>
            <field name="email">arden@gmail.com</field>
            <field name="mobile">2653241536</field>
            <field name="image" type="base64" file="med_marketing/static/img/dr1.jpg"/>
        </record>

        <record id="dr2" model="res.partner">
            <field name="name">Dr.Armstrong</field>
            <field name="doctor">1</field>
            <field name="customer">0</field>
            <field name="specialist_in" ref="departments3"/>
             <field name="related_rep" ref="rep2"/>
            <field name="target">26000</field>
            <field name="email">armstrong@gmail.com</field>
            <field name="mobile">2653651436</field>
            <field name="image" type="base64" file="med_marketing/static/img/dr2.jpg"/>
        </record>

        <record id="dr3" model="res.partner">
            <field name="name">Dr.Saunder</field>
            <field name="doctor">1</field>
            <field name="customer">0</field>
            <field name="specialist_in" ref="departments4"/>
             <field name="related_rep" ref="rep3"/>
            <field name="target">78000</field>
            <field name="email">saunder@yahoo.com</field>
            <field name="mobile">2653365436</field>
            <field name="image" type="base64" file="med_marketing/static/img/dr3.jpg"/>
        </record>

         <record id="dr4" model="res.partner">
            <field name="name">Dr.Asbjorn</field>
            <field name="doctor">1</field>
            <field name="customer">0</field>
            <field name="specialist_in" ref="departments5"/>
             <field name="related_rep" ref="rep4"/>
            <field name="target">75000</field>
             <field name="email">asbjorn@yahoo.com</field>
            <field name="mobile">2657415436</field>
            <field name="image" type="base64" file="med_marketing/static/img/dr4.jpg"/>
        </record>

        <record id="dr5" model="res.partner">
            <field name="name">Dr.Salomon</field>
            <field name="doctor">1</field>
            <field name="customer">0</field>
            <field name="specialist_in" ref="departments6"/>
             <field name="related_rep" ref="rep5"/>
            <field name="target">85000</field>
             <field name="email">salomon@yahoo.com</field>
            <field name="mobile">4877415436</field>
            <field name="image" type="base64" file="med_marketing/static/img/dr6.jpg"/>
        </record>
        <record id="dr6" model="res.partner">
            <field name="name">Dr.Saunderson</field>
            <field name="doctor">1</field>
            <field name="customer">0</field>
            <field name="specialist_in" ref="departments1"/>
             <field name="related_rep" ref="rep6"/>
            <field name="target">65000</field>
            <field name="email">saunderson@gmail.com</field>
            <field name="mobile">6987415436</field>
            <field name="image" type="base64" file="med_marketing/static/img/dr7.jpg"/>
        </record>

    </data>
</openerp>