<?xml version="1.0" encoding="utf-8"?>
<openerp>
    <data>
<!--IN SALES-->

        <!--=====================================================-->
        <record model="ir.ui.menu" id="base.menu_partner_form">
            <field name="name">Retailers</field>
        </record>

        <record id="base.action_partner_form" model="ir.actions.act_window">
            <field name="name">Retailers</field>
        </record>
        <!--=====================================================-->

        <!--QUOTATIONS-->
        <!--=====================================================-->
        <record model="ir.ui.menu" id="sale.menu_sale_quotations">
            <field name="name">Draft Orders</field>
        </record>
        <record id="sale.action_quotations" model="ir.actions.act_window">
            <field name="name">Draft Orders</field>
        </record>
        <!--=====================================================-->
        <!--SALE ORDERS-->
        <!--=====================================================-->
        <record model="ir.ui.menu" id="sale.menu_sale_order">
            <field name="name">Confirmed Orders</field>
        </record>
         <record id="sale.action_orders" model="ir.actions.act_window">
            <field name="name">Confirmed Orders</field>
        </record>
        <!--=====================================================-->
        <!--PRODUCTS-->
        <!--=====================================================-->
        <record model="ir.ui.menu" id="base.menu_product">
            <field name="name">Medicines</field>
        </record>
        <!--=====================================================-->
        <record model="ir.ui.menu" id="product.menu_product_template_action">
            <field name="name">Medicines</field>
        </record>
        <record id="product.product_template_action" model="ir.actions.act_window">
            <field name="name">Medicines</field>
        </record>
        <!--=====================================================-->
        <!--PRODUCT VARIANTS-->
        <!--=====================================================-->
        <record model="ir.ui.menu" id="product.menu_products">
            <field name="name">Medicines Variants</field>
        </record>
        <record id="product.product_normal_action_sell" model="ir.actions.act_window">
            <field name="name">Medicines Variants</field>
        </record>
        <!--=====================================================-->
        <!--PRODUCT BY CATEGORY-->
        <!--<record model="ir.ui.menu" id="product.menu_products_category">-->
            <!--<field name="name">Medicines by Category</field>-->
        <!--</record>-->
        <!--<record id="product.product_category_action" model="ir.actions.act_window">-->
            <!--<field name="name">Medicines by Category</field>-->
        <!--</record>-->
        <!--=====================================================-->
<!--IN PURCHASE-->

        <!--=====================================================-->
        <!--REQUESTS FOR QUOTATIONS-->
        <!--=====================================================-->
        <record model="ir.ui.menu" id="purchase.menu_purchase_rfq">
            <field name="name">Draft Orders</field>
        </record>
        <record id="purchase.purchase_rfq" model="ir.actions.act_window">
            <field name="name">Draft Orders</field>
        </record>
        <!--=====================================================-->
        <!--PURCHASE ORDERS-->
        <!--=====================================================-->
        <record model="ir.ui.menu" id="purchase.menu_purchase_form_action">
            <field name="name">Confirmed Orders</field>
        </record>
        <record id="purchase.purchase_form_action" model="ir.actions.act_window">
            <field name="name">Confirmed Orders</field>
        </record>
        <!--=====================================================-->
        <!--SUPPLIERS-->
        <!--=====================================================-->
        <record model="ir.ui.menu" id="base.menu_procurement_management_supplier_name">
            <field name="name">Vendors</field>
        </record>
        <record id="base.action_partner_supplier_form" model="ir.actions.act_window">
            <field name="name">Vendors</field>
        </record>
        <!--=====================================================-->
        <!--PRODUCTS-->
        <!--=====================================================-->
        <record model="ir.ui.menu" id="purchase.menu_procurement_management_product">
            <field name="name">Medicines</field>
        </record>
        <!--=====================================================-->
        <record model="ir.ui.menu" id="purchase.menu_procurement_partner_contact_form">
            <field name="name">Medicines</field>
        </record>
        <record id="purchase.product_normal_action_puchased" model="ir.actions.act_window">
                <field name="name">Medicines</field>
        </record>
        <!--=====================================================-->
        <!--PRODUCTS BY CATEGORY-->
         <!--=====================================================-->
        <!--<record model="ir.ui.menu" id="purchase.menu_product_by_category_purchase_form">-->
            <!--<field name="name">Medicines by Category</field>-->
        <!--</record>-->
       <!--<record id="product.product_category_action" model="ir.actions.act_window">-->
                <!--<field name="name">Medicines by Category</field>-->
       <!--</record>-->
        <!--=====================================================-->
        <!--MESSAGING-->
        <!--=====================================================-->
         <record model="ir.ui.menu" id="mail.mail_feeds_main">
            <field name="name">Talks</field>
        </record>
<!--WAREHOUSE-->
         <!--=====================================================-->
        <!--WAREHOUSE [TOP]-->
         <!--=====================================================-->
        <record model="ir.ui.menu" id="stock.menu_stock_root">
            <field name="name"> Stocks </field>
        </record>
         <!--=====================================================-->
        <record model="ir.ui.menu" id="stock.menu_stock_product">
            <field name="name">Medicines</field>
        </record>
        <!--<record model="ir.ui.menu" id="stock.menu_product_by_category_stock_form">-->
            <!--<field name="name">Medicines by Category</field>-->
        <!--</record>-->
        <record model="ir.ui.menu" id="stock.menu_stock_products_menu">
            <field name="name">Medicines</field>
        </record>
<!--MANUFACTURING-->

        <!--=====================================================-->
        <!--PRODUCTS-->
        <!--=====================================================-->
        <record model="ir.ui.menu" id="mrp.menu_mrp_bom">
            <field name="name"> Medicines </field>
        </record>
        <!--=====================================================-->
        <record model="ir.ui.menu" id="mrp.menu_mrp_product_form">
            <field name="name"> Medicines </field>
        </record>
        <record id="mrp.product_template_action" model="ir.actions.act_window">
            <field name="name">Medicines</field>
        </record>
        <!--=====================================================-->





         <!--=====================================================-->
        <!--PRODUCT BY CATEGORY-->
        <!--<record model="ir.ui.menu" id="product.menu_products_category">-->
            <!--<field name="name">Medicines Hierarchy</field>-->
        <!--</record>-->
        <!--<record id="product.product_category_action" model="ir.actions.act_window">-->
            <!--<field name="name">Medicines Hierarchy</field>-->
        <!--</record>-->
        <!--=====================================================-->

    </data>
</openerp>