<?xml version="1.0" encoding="utf-8"?>
<openerp>
    <data>
        <!--DEMO LOCATIONS-->
        <!--CALICUT-->
        <record id="loc_0001" model="pharmacy_management.route.location">
            <field name="name">Sm street</field>
        </record>
        <record id="loc_0002" model="pharmacy_management.route.location">
            <field name="name">Manorama Junction</field>
        </record>
        <record id="loc_0003" model="pharmacy_management.route.location">
            <field name="name">East Nadakavu Junction</field>
        </record>

        <record id="loc_0004" model="pharmacy_management.route.location">
            <field name="name">Sarovaram</field>
        </record>

        <record id="loc_0005" model="pharmacy_management.route.location">
            <field name="name">Mavoor Road</field>
        </record>
        <!--HYDERABAD-->
        <record id="loc_0011" model="pharmacy_management.route.location">
            <field name="name">Malakunta</field>
        </record>

        <record id="loc_0012" model="pharmacy_management.route.location">
            <field name="name">Gruhkalpa</field>
        </record>

        <record id="loc_0013" model="pharmacy_management.route.location">
            <field name="name">Band colony</field>
        </record>

        <record id="loc_0014" model="pharmacy_management.route.location">
            <field name="name">Sultan Bazaar</field>
        </record>

        <record id="loc_0015" model="pharmacy_management.route.location">
            <field name="name">Esamiya Bazaar</field>
        </record>
        <!--CHENNAI-->
        <record id="loc_0021" model="pharmacy_management.route.location">
            <field name="name">Royapettah</field>
        </record>

        <record id="loc_0022" model="pharmacy_management.route.location">
            <field name="name">Teynampet</field>
        </record>

        <record id="loc_0023" model="pharmacy_management.route.location">
            <field name="name">T Nagar</field>
        </record>

        <record id="loc_0024" model="pharmacy_management.route.location">
            <field name="name">Kodambakkam</field>
        </record>

        <record id="loc_0025" model="pharmacy_management.route.location">
            <field name="name">Arumbakkam</field>
        </record>

        <!--KOLKATHA-->

        <record id="loc_0051" model="pharmacy_management.route.location">
            <field name="name">Lal Bazaar</field>
        </record>

        <record id="loc_0052" model="pharmacy_management.route.location">
            <field name="name">Bow Bazaar</field>
        </record>

                  <!--DEMO DATA FOR MEDICINE TYPES-->
        <!--<record id="medicine_types-dat" model="product.medicine.types">-->
            <!--<field name="id">1</field>-->
            <!--<field name="medicine_type">Antibiotic</field>-->
        <!--</record>-->

        <!--<record id="medicine_types-dat1" model="product.medicine.types">-->
            <!--<field name="id">2</field>-->
            <!--<field name="medicine_type">Pathogen</field>-->
        <!--</record>-->

        <!--<record id="medicine_types-dat2" model="product.medicine.types">-->
            <!--<field name="id">3</field>-->
            <!--<field name="medicine_type">Cells</field>-->
        <!--</record>-->

        <!--DEMO MEDICINES-->
        <!--ANTIBIOTICS-->
        <!--<record id="medicine1" model="product.product">-->
            <!--<field name="name">Daptomycin</field>-->
            <!--<field name="standard_price">10.0</field>-->
            <!--<field name="list_price">10.0</field>-->
            <!--<field name="medicine_type" ref="medicine_types-dat"/>-->
        <!--</record>-->
        <!--<record id="medicine2" model="product.product">-->
            <!--<field name="name">Linezolid</field>-->
            <!--<field name="standard_price">10.0</field>-->
            <!--<field name="list_price">10.0</field>-->
            <!--<field name="medicine_type" ref="medicine_types-dat"/>-->
        <!--</record>-->
        <!--<record id="medicine3" model="product.product">-->
            <!--<field name="name">XXXXXXXXXXX0000003</field>-->
            <!--<field name="standard_price">10.0</field>-->
            <!--<field name="list_price">10.0</field>-->
            <!--<field name="medicine_type" ref="medicine_types-dat"/>-->
        <!--</record>-->
        <!--&lt;!&ndash;PATHOGENS&ndash;&gt;-->
        <!--<record id="medicine4" model="product.product">-->
            <!--<field name="name">XXXXXXXXXXX0000004</field>-->
            <!--<field name="standard_price">10.0</field>-->
            <!--<field name="list_price">10.0</field>-->
            <!--<field name="medicine_type" ref="medicine_types-dat1"/>-->
        <!--</record>-->
        <!--<record id="medicine5" model="product.product">-->
            <!--<field name="name">XXXXXXXXXXX0000005</field>-->
            <!--<field name="standard_price">10.0</field>-->
            <!--<field name="list_price">10.0</field>-->
            <!--<field name="medicine_type" ref="medicine_types-dat1"/>-->
        <!--</record>-->
        <!--<record id="medicine6" model="product.product">-->
            <!--<field name="name">XXXXXXXXXXX0000006</field>-->
            <!--<field name="standard_price">10.0</field>-->
            <!--<field name="list_price">10.0</field>-->
            <!--<field name="medicine_type" ref="medicine_types-dat1"/>-->
        <!--</record>-->
         <!--&lt;!&ndash;CELLS&ndash;&gt;-->
        <!--<record id="medicine7" model="product.product">-->
            <!--<field name="name">XXXXXXXXXXX0000007</field>-->
            <!--<field name="standard_price">10.0</field>-->
            <!--<field name="list_price">10.0</field>-->
            <!--<field name="medicine_type" ref="medicine_types-dat2"/>-->
        <!--</record>-->
        <!--<record id="medicine8" model="product.product">-->
            <!--<field name="name">XXXXXXXXXXX0000008</field>-->
            <!--<field name="standard_price">10.0</field>-->
            <!--<field name="list_price">10.0</field>-->
            <!--<field name="medicine_type" ref="medicine_types-dat2"/>-->
        <!--</record>-->
        <!--<record id="medicine9" model="product.product">-->
            <!--<field name="name">XXXXXXXXXXX0000009</field>-->
            <!--<field name="standard_price">10.0</field>-->
            <!--<field name="list_price">10.0</field>-->
            <!--<field name="medicine_type" ref="medicine_types-dat2"/>-->
        <!--</record>-->

        <!--DEMO ROUTES-->
        <record id="route1" model="pharmacy_management.route">
            <field name="name">Kolkata</field>
            <field name="route_code">KLT</field>
            <field name="distributor" ref="base.user_root"/>
            <field name="location_list1" eval="[(6, 0, [ref('loc_0051'), ref('loc_0052')])]"/>
        </record>

        <record id="route2" model="pharmacy_management.route">
            <field name="name">Mumbai</field>
            <field name="route_code">MBI</field>
            <field name="distributor" ref="base.user_demo"/>
        </record>

        <record id="route3" model="pharmacy_management.route">
            <field name="name">New Delhi</field>
            <field name="route_code">DLH</field>
            <field name="distributor" ref="base.user_demo"/>
        </record>


        <record id="route4" model="pharmacy_management.route">
            <field name="name">Chennai</field>
            <field name="route_code">CHN</field>
            <field name="distributor" ref="base.user_root"/>
            <field name="location_list1" eval="[(6, 0, [ref('loc_0021'), ref('loc_0022'), ref('loc_0023'),ref('loc_0024'),ref('loc_0025')])]"/>
        </record>

        <record id="route5" model="pharmacy_management.route">
            <field name="name">Hyderabad</field>
            <field name="route_code">HBD</field>
            <field name="distributor" ref="base.user_root"/>
            <field name="location_list1" eval="[(6, 0, [ref('loc_0011'), ref('loc_0012'), ref('loc_0013'),ref('loc_0014'),ref('loc_0015')])]"/>
        </record>

        <record id="route6" model="pharmacy_management.route">
            <field name="name">Calicut</field>
            <field name="route_code">CLT</field>
            <field name="distributor" ref="base.user_root"/>
            <field name="location_list1" eval="[(6, 0, [ref('loc_0001'), ref('loc_0002'), ref('loc_0003'),ref('loc_0004'),ref('loc_0005')])]"/>
        </record>

        <!--DEMO MEDICINE TYPES-->
         <record id="medicine_types_1" model="product.medicine.types">
            <field name="id">11</field>
            <field name="medicine_type">Eye</field>
        </record>
        <record id="medicine_types_2" model="product.medicine.types">
            <field name="id">12</field>
            <field name="medicine_type">Ear, Nose and Oropharynx</field>
        </record>
        <record id="medicine_types_3" model="product.medicine.types">
            <field name="id">13</field>
            <field name="medicine_type">Skin</field>
        </record>
        <record id="medicine_types_4" model="product.medicine.types">
            <field name="id">14</field>
            <field name="medicine_type">Infections and Infestations</field>
        </record>
        <record id="medicine_types_5" model="product.medicine.types">
            <field name="id">15</field>
            <field name="medicine_type">Allergic disorders</field>
        </record>
        <record id="medicine_types_6" model="product.medicine.types">
            <field name="id">16</field>
            <field name="medicine_type">Gastrointestinal tract</field>
        </record>
        <record id="medicine_types_7" model="product.medicine.types">
            <field name="id">17</field>
            <field name="medicine_type">Nutrition</field>
        </record>

        <!--DEMO MEDICINES-->

         <record id="medicines_001" model="product.product">
            <field name="name">Acetylcysteine</field>
            <field name="standard_price">10.0</field>
            <field name="list_price">10.0</field>
            <field name="medicine_type" ref="medicine_types_1"/>
             <field name="image" type="base64" file="medical_feature/static/img/Acetylcysteine.jpg"/>
        </record>

        <record id="medicines_00555" model="product.product">
            <field name="name">Carbomer Liquid Eye Gels</field>
            <field name="standard_price">10.0</field>
            <field name="list_price">10.0</field>
            <field name="medicine_type" ref="medicine_types_1"/>
             <field name="image" type="base64" file="medical_feature/static/img/Carbomer_liquid_eye_gels.jpg"/>
        </record>


        <record id="medicines_002" model="product.product">
            <field name="name">Azithromycin</field>
            <field name="standard_price">10.0</field>
            <field name="list_price">10.0</field>
            <field name="medicine_type" ref="medicine_types_1"/>
             <field name="image" type="base64" file="medical_feature/static/img/Azithromycin.jpg"/>
        </record>

        <record id="medicines_003" model="product.product">
            <field name="name">Amoxicillin</field>
            <field name="standard_price">10.0</field>
            <field name="list_price">10.0</field>
            <field name="medicine_type" ref="medicine_types_2"/>
             <field name="image" type="base64" file="medical_feature/static/img/er_amoxicillin-1.jpg"/>
        </record>


        <record id="medicines_004" model="product.product">
            <field name="name">Clarithromycin</field>
            <field name="standard_price">10.0</field>
            <field name="list_price">10.0</field>
            <field name="medicine_type" ref="medicine_types_2"/>
             <field name="image" type="base64" file="medical_feature/static/img/re_clarithromycin.jpg"/>
        </record>

        <record id="medicines_005" model="product.product">
            <field name="name">Celiprolol</field>
            <field name="standard_price">10.0</field>
            <field name="list_price">10.0</field>
            <field name="medicine_type" ref="medicine_types_5"/>
             <field name="image" type="base64" file="medical_feature/static/img/allr_Celiprolol.jpg"/>
        </record>

        <record id="medicines_006" model="product.product">
            <field name="name">Cetirizine</field>
            <field name="standard_price">10.0</field>
            <field name="list_price">10.0</field>
            <field name="medicine_type" ref="medicine_types_5"/>
             <field name="image" type="base64" file="medical_feature/static/img/allr_Cetirizine.jpg"/>
        </record>

        <record id="medicines_007" model="product.product">
            <field name="name">Dimethindene</field>
            <field name="standard_price">10.0</field>
            <field name="list_price">10.0</field>
            <field name="medicine_type" ref="medicine_types_5"/>
             <field name="image" type="base64" file="medical_feature/static/img/allr_Dimethindene.jpg"/>
        </record>

        <record id="medicines_008" model="product.product">
            <field name="name">Aciphex</field>
            <field name="standard_price">10.0</field>
            <field name="list_price">10.0</field>
            <field name="medicine_type" ref="medicine_types_6"/>
             <field name="image" type="base64" file="medical_feature/static/img/gs_Aciphex.jpg"/>
        </record>

        <record id="9" model="product.product">
            <field name="name">Gastrogafin</field>
            <field name="standard_price">10.0</field>
            <field name="list_price">10.0</field>
            <field name="medicine_type" ref="medicine_types_6"/>
             <field name="image" type="base64" file="medical_feature/static/img/gs_gastrogafin.jpg"/>
        </record>

        <record id="10" model="product.product">
            <field name="name">Gleevec</field>
            <field name="standard_price">10.0</field>
            <field name="list_price">10.0</field>
            <field name="medicine_type" ref="medicine_types_6"/>
             <field name="image" type="base64" file="medical_feature/static/img/gs_Gleevec.jpg"/>
        </record>

        <!--DEMO LOTS-->

        <record id="lot_0001" model="stock.production.lot">
            <field name="name">AE00G5K220001</field>
            <field name="product_id" ref="medicines_001"/>
            <field name="use_date" eval="time.strftime('%Y-%m') + '-08'"/>
        </record>

        <record id="lot_0002" model="stock.production.lot">
            <field name="name">AE00G5K220002</field>
            <field name="product_id" ref="medicines_002"/>
            <field name="life_date" eval="time.strftime('%Y-%m') + '-10'"/>
        </record>

        <record id="lot_0003" model="stock.production.lot">
            <field name="name">AE00G5K220003</field>
            <field name="product_id" ref="medicines_002"/>
            <field name="life_date" eval="time.strftime('%Y-%m') + '-11'"/>
        </record>


    </data>
</openerp>