<?xml version="1.0" encoding="utf-8"?>
<openerp>
    <data>
         <!--PIVOT VIEW OF REPORT-->
        <record id="view_report_sale_order_graph" model="ir.ui.view">
            <field name="name">sale.order.route</field>
            <field name="model">sale.order</field>
            <field name="arch" type="xml">
                <graph string="Sale Orders By Route" type="pivot">
                    <field name="name" type="col"/>
                    <field name="amount_total" type="measure"/>
                    <field name="route_of_customer" type="row"/>
                </graph>
            </field>
        </record>
        <!--ACTION OF REPORT-->
        <record id="action_sale_order_by_route" model="ir.actions.act_window">
            <field name="name">Sales Analysis By Routes</field>
            <field name="res_model">sale.order</field>
            <!--<field name="view_type">form</field>-->
            <field name="view_mode">graph</field>
            <field name="view_id" ref="view_report_sale_order_graph"/>
        </record>

            <menuitem action="action_sale_order_by_route"
                      id="menu_report_by_route"
                      parent="base.next_id_64"
                      sequence="10"/>
    </data>
</openerp>